Altium Designer Pick and Place Locations
D:\Altium\portiloopV2Altium\Project Outputs for PortiloopV2Altium_Project\Pick Place for PortiloopV2Altium_PCB.csv

========================================================================================================================
File Design Information:

Date:       29-08-23
Time:       21:41
Revision:   Not in VersionControl
Variant:    No variations
Units used: mm

"Designator","Comment","Layer","Footprint","Center-X(mm)","Center-Y(mm)","Rotation","Description"
"J1-B-","SSQ-120-03-G-D","BottomLayer","FP-SSQ-120-03-G-D-MFG","42,1615","63,0450","180","CONN RCPT 40POS 0.1 GOLD PCB"
"R27","10K","TopLayer","1608[0603]","32,8930","58,0390","0","Resistor"
"SW1","A6H-2102","TopLayer","FP-A6H-2102-MFG","36,8300","55,1180","0","SWITCH SLIDE DIP SPST 25MA 24V"
"R28","0K","TopLayer","1608[0603]","12,8221","55,9000","270","Resistor"
"JMP3-R","61300211021","TopLayer","61300211021","63,0000","40,0000","90","THT Angled Pin Header WR-PHD, Pitch 2.54 mm, Single Row, 2 pins"
"JMP2-R","61300211021","TopLayer","61300211021","63,0000","47,0000","90","THT Angled Pin Header WR-PHD, Pitch 2.54 mm, Single Row, 2 pins"
"JMP1-R","61300211021","TopLayer","61300211021","62,9750","53,9750","90","THT Angled Pin Header WR-PHD, Pitch 2.54 mm, Single Row, 2 pins"
"J2-R","61301011021","TopLayer","61301011021","20,8280","37,0000","270","THT Angled Pin Header WR-PHD, Pitch 2.54 mm, Single Row, 10 pins"
"R31","1.8K","TopLayer","1608[0603]","17,6530","55,1000","0","Resistor"
"R30","6K","TopLayer","1608[0603]","17,6530","53,5940","0","Resistor"
"R29","1.5K","TopLayer","1608[0603]","17,6530","52,0000","0","Resistor"
"D2","APTF1616SEJ3ZGGVBDC","TopLayer","FP-APTF1616SEJ3ZGGVBDC-MFG","13,5750","53,0000","0","LED RGB CLEAR 4SMD"
"M4","Screw","TopLayer","Board_Screw_No_Silk","13,0000","63,0000","0","Board Screw With Spacer"
"M3","Screw","TopLayer","Board_Screw_No_Silk","71,0000","63,0000","0","Board Screw With Spacer"
"M2","Screw","TopLayer","Board_Screw_No_Silk","13,0000","21,0000","0","Board Screw With Spacer"
"M1","Screw","TopLayer","Board_Screw_No_Silk","71,0000","21,0000","0","Board Screw With Spacer"
"U3","LM2662MX/NOPB","TopLayer","D0008A_M","53,2130","45,7200","180","Switched Capacitor Voltage Converter, 8-pin Narrow SOIC, Pb-Free"
"TP3","2.5v","TopLayer","TESTPOINT1","30,7340","52,5780","0","Test Point"
"TP2","3.3v","TopLayer","TESTPOINT1","50,0380","41,0210","180","Test Point"
"TP1","-2.5v","TopLayer","TESTPOINT1","42,0370","49,9000","0","Test Point"
"C1","4.7mkf","TopLayer","C1206","27,4320","50,5460","270",""
"R32","0K","TopLayer","1608[0603]","35,8140","40,8000","90","Resistor"
"R11","x","TopLayer","1608[0603]","45,7200","43,1800","270","Not Connected"
"C15_Vcap1","100mkf","TopLayer","KEMT-T491-D_M","50,1650","21,6000","0","Capacitor, Tantalum, 100 uF, +/- 10%, -55 to 125 degC, 2-Pin SMD, RoHS, Tape and Reel"
"U4","LT3094xMSE","TopLayer","FP-MSE-12-05-08-1666-IPC_A","51,9430","54,2290","180","IC REG LIN NEG ADJ 500MA 12MSOP"
"U2","LT3042xMSE","TopLayer","FP-MSE-10-05-08-1664-IPC_C","57,0000","35,6870","90","IC REG LIN POS ADJ 200MA 10MSOP"
"U1","LT3042xMSE","TopLayer","FP-MSE-10-05-08-1664-IPC_C","29,3370","46,4820","0","IC REG LIN POS ADJ 200MA 10MSOP"
"U5","ADS1299","TopLayer","PAG0064A_M","38,7070","32,0210","0","Low-Noise, 8-Channel, 24-Bit Analog Front-End for Biopotential Measurement, 16 KSPS, -40 to 85 degC, 64-Pin PQFP (PAG-64), RoHS, Tube"
"R33","5K","TopLayer","1608[0603]","25,5270","42,1640","0","Resistor"
"R23","0K","TopLayer","1608[0603]","33,5280","23,6220","0","Resistor"
"R22","10K","TopLayer","1608[0603]","46,4820","41,0210","180","Resistor"
"R21","1M","TopLayer","1608[0603]","34,3000","40,8000","90","Resistor"
"R20","5K","TopLayer","1608[0603]","31,2420","40,8000","270","Resistor"
"R19","5K","TopLayer","1608[0603]","24,5110","39,8100","0","Resistor"
"R18","5K","TopLayer","1608[0603]","24,5110","37,8100","0","Resistor"
"R17","5K","TopLayer","1608[0603]","24,5110","35,8100","0","Resistor"
"R16","5K","TopLayer","1608[0603]","24,5110","33,8100","0","Resistor"
"R15","5K","TopLayer","1608[0603]","24,5110","31,8100","0","Resistor"
"R14","5K","TopLayer","1608[0603]","24,5110","29,8100","0","Resistor"
"R13","5K","TopLayer","1608[0603]","24,5110","27,8100","0","Resistor"
"R12","5K","TopLayer","1608[0603]","24,5110","25,8100","0","Resistor"
"R10","10K","TopLayer","1608[0603]","47,5000","26,9240","180","Resistor"
"R9","10K","TopLayer","1608[0603]","47,5000","25,4000","180","Resistor"
"R8","1K","TopLayer","1608[0603]","48,3870","32,7660","0","Resistor"
"R4","33.2K","TopLayer","1608[0603]","44,0690","54,2290","270","Resistor"
"R3","33.2K","TopLayer","1608[0603]","57,7850","41,0210","90","Resistor"
"R2","24.9K","TopLayer","1608[0603]","34,4170","45,9740","0","Resistor"
"R1_power1","1K","TopLayer","1608[0603]","15,5000","58,8000","90","Resistor"
"D2_ADS1","LTST-C190GKT","TopLayer","FP-LTST-C190GKT-MFG","58,9280","20,7010","270","LED GREEN CLEAR CHIP SMD"
"D1_power1","LTST-C190GKT","TopLayer","FP-LTST-C190GKT-MFG","13,2080","58,4200","0","LED GREEN CLEAR CHIP SMD"
"R7LED1","1K","TopLayer","1608[0603]","56,7690","20,7010","270","Resistor"
"C35","0.1mkf","TopLayer","1608[0603]","47,4980","38,7350","180",""
"C34","1mkf","TopLayer","1608[0603]","47,4980","36,9570","180",""
"C33","0.1mkf","TopLayer","1608[0603]","45,5930","49,2140","270",""
"C32","1mkf","TopLayer","1608[0603]","44,0000","49,1949","270",""
"C31","1mkf","TopLayer","1608[0603]","38,4000","42,0370","270",""
"C30","0.1mkf","TopLayer","1608[0603]","39,9000","42,0271","270",""
"C29","0.1mkf","TopLayer","1608[0603]","43,1000","42,0370","270",""
"C28","1mkf","TopLayer","1608[0603]","41,5290","42,0370","270",""
"C27","1.5nf","TopLayer","1608[0603]","32,8000","40,8000","270",""
"C26","4.7nf","TopLayer","1608[0603]","28,8290","39,8100","0",""
"C25","4.7nf","TopLayer","1608[0603]","28,8290","37,8100","0",""
"C24","4.7nf","TopLayer","1608[0603]","28,8290","35,8100","0",""
"C23","4.7nf","TopLayer","1608[0603]","28,8290","33,8100","0",""
"C22","4.7nf","TopLayer","1608[0603]","28,8290","31,8100","0",""
"C21","4.7nf","TopLayer","1608[0603]","28,8290","29,8100","0",""
"C20","4.7nf","TopLayer","1608[0603]","28,8290","27,8100","0",""
"C19","4.7nf","TopLayer","1608[0603]","28,8290","25,8100","0",""
"C17","0.1mkf","TopLayer","1608[0603]","36,5760","23,6220","180",""
"C16_Vcap4","1mkf","TopLayer","1608[0603]","39,4970","23,6220","0",""
"C14_Vcap2","1mkf","TopLayer","1608[0603]","43,0530","23,6220","180",""
"C6","0.47mkf","TopLayer","1608[0603]","56,1000","41,0210","90",""
"C3","0.47mkf","TopLayer","1608[0603]","34,4170","47,4980","180",""
"C2","4.7mkf","TopLayer","C1206","30,8610","49,5000","0",""
"C18","10mkf","TopLayer","C1206","36,3220","21,7170","0",""
"C11","4.7mkf","TopLayer","C1206","46,3550","53,9280","90",""
"C10","4.7mkf","TopLayer","C1206","49,6561","50,1090","180",""
"C9","4.7mkf","TopLayer","C1206","54,1012","50,1090","0",""
"C8","4.7mkf","TopLayer","C1206","47,6250","44,3230","90",""
"C7","4.7mkf","TopLayer","C1206","58,8010","46,3550","270",""
"C5","4.7mkf","TopLayer","C1206","53,8480","37,1640","90",""
"C4","4.7mkf","TopLayer","C1206","53,8480","32,1310","90",""
